Year,Month,Origin,Dest,Pax From Origin,Pax To Origin,Freight From Origin,Frieght To Origin,Mail From Origin,Mail To Origin
2025,01,KOLKATA,AGARTALA,29886.00,29428.00,210.61,12.22,2.66,3.89
2025,02,KOLKATA,AGARTALA,27357.00,26757.00,220.45,10.25,5.04,3.95
2025,03,KOLKATA,AGARTALA,30962.00,30230.00,256.94,15.88,1.15,3.49
2025,04,KOLKATA,AGARTALA,37777.00,34630.00,308.89,13.04,2.21,3.39
2025,05,KOLKATA,AGARTALA,37055.00,36370.00,393.70,16.25,1.24,3.66
2025,06,KOLKATA,AGARTALA,34012.00,32463.00,300.01,20.40,1.26,2.81
2025,07,KOLKATA,AGARTALA,31420.00,36643.00,263.53,19.18,1.12,2.03
2025,08,KOLKATA,AGARTALA,32126.00,32519.00,263.99,16.72,1.12,3.20
2025,09,KOLKATA,AGARTALA,32333.00,28415.00,313.94,15.22,2.54,2.30
2025,10,KOLKATA,AGARTALA,32844.00,37795.00,137.33,11.07,1.31,2.73
2025,01,KOLKATA,AHMEDABAD,24149.00,24629.00,139.28,220.73,7.03,4.09
2025,02,KOLKATA,AHMEDABAD,22682.00,23769.00,133.32,195.69,5.27,2.96
2025,03,KOLKATA,AHMEDABAD,20763.00,24131.00,99.10,229.11,4.86,2.82
2025,04,KOLKATA,AHMEDABAD,23400.00,25963.00,115.36,242.18,3.69,1.73
2025,05,KOLKATA,AHMEDABAD,25751.00,29078.00,162.49,262.23,4.45,0.80
2025,06,KOLKATA,AHMEDABAD,26498.00,21719.00,111.42,240.18,4.63,0.77
2025,07,KOLKATA,AHMEDABAD,27351.00,20672.00,151.07,289.30,3.54,0.17
2025,08,KOLKATA,AHMEDABAD,23843.00,21297.00,133.12,287.33,3.70,0.93
2025,09,KOLKATA,AHMEDABAD,18930.00,19394.00,129.35,217.59,4.08,0.33
2025,10,KOLKATA,AHMEDABAD,23876.00,27881.00,131.80,236.49,2.87,6.25
2025,01,KOLKATA,AIZAWL,7641.00,10119.00,10.10,49.35,4.87,10.48
2025,02,KOLKATA,AIZAWL,4832.00,4904.00,12.34,10.65,4.05,9.08
2025,03,KOLKATA,AIZAWL,5597.00,6044.00,11.77,7.12,6.71,12.80
2025,04,KOLKATA,AIZAWL,5415.00,5469.00,13.78,6.81,4.79,15.56
2025,05,KOLKATA,AIZAWL,5308.00,5426.00,20.40,6.76,4.80,15.48
2025,06,KOLKATA,AIZAWL,4822.00,5492.00,13.01,9.58,9.37,12.11
2025,07,KOLKATA,AIZAWL,4898.00,5497.00,27.40,13.21,10.39,12.25
2025,08,KOLKATA,AIZAWL,5177.00,5735.00,17.82,10.11,11.08,9.61
2025,09,KOLKATA,AIZAWL,4622.00,4805.00,12.61,6.62,9.46,11.30
2025,10,KOLKATA,AIZAWL,5057.00,5135.00,8.00,11.29,10.00,15.00
2025,01,KOLKATA,AMRITSAR,2352.00,2291.00,0.65,0.76,0.00,0.00
2025,02,KOLKATA,AMRITSAR,2305.00,2199.00,0.24,0.18,0.00,0.00
2025,03,KOLKATA,AMRITSAR,2346.00,2554.00,0.27,0.79,0.00,0.00
2025,04,KOLKATA,AMRITSAR,1932.00,2213.00,2.07,1.37,0.00,0.00
2025,05,KOLKATA,AMRITSAR,886.00,955.00,0.13,1.64,0.00,0.00
2025,06,KOLKATA,AMRITSAR,1314.00,1727.00,0.23,4.55,0.00,0.00
2025,07,KOLKATA,AMRITSAR,1572.00,1442.00,0.63,1.45,0.00,0.00
2025,08,KOLKATA,AMRITSAR,1264.00,1381.00,0.57,2.95,0.00,0.00
2025,09,KOLKATA,AMRITSAR,1324.00,1292.00,0.41,1.70,0.00,0.00
2025,10,KOLKATA,AMRITSAR,1914.00,1932.00,0.48,0.51,0.00,0.00
2025,01,KOLKATA,BAGDOGRA,25456.00,26734.00,24.91,27.92,14.13,11.39
2025,02,KOLKATA,BAGDOGRA,23835.00,24617.00,37.65,29.10,12.64,11.57
2025,03,KOLKATA,BAGDOGRA,27763.00,27803.00,26.50,33.30,12.06,12.18
2025,04,KOLKATA,BAGDOGRA,25334.00,25696.00,17.98,32.46,9.67,10.15
2025,05,KOLKATA,BAGDOGRA,25831.00,25962.00,46.05,21.86,5.93,9.02
2025,06,KOLKATA,BAGDOGRA,21371.00,24463.00,23.47,33.39,9.01,8.83
2025,07,KOLKATA,BAGDOGRA,17305.00,19889.00,44.47,25.20,8.11,6.95
2025,08,KOLKATA,BAGDOGRA,18505.00,19722.00,78.55,37.99,5.60,5.96
2025,09,KOLKATA,BAGDOGRA,22501.00,18369.00,59.46,57.80,7.22,7.71
2025,10,KOLKATA,BAGDOGRA,22544.00,26290.00,21.33,54.34,4.16,7.14
2025,07,KOLKATA,BELGAUM,6.00,0.00,0.00,0.00,0.00,0.00
2025,01,KOLKATA,BENGALURU,97630.00,99123.00,653.05,745.89,9.13,14.88
2025,02,KOLKATA,BENGALURU,76476.00,80547.00,476.94,554.08,8.87,8.57
2025,03,KOLKATA,BENGALURU,90965.00,98985.00,509.33,609.17,6.61,12.19
2025,04,KOLKATA,BENGALURU,94853.00,99653.00,479.64,546.68,7.38,15.86
2025,05,KOLKATA,BENGALURU,95270.00,94796.00,666.55,539.36,9.02,16.52
2025,06,KOLKATA,BENGALURU,101836.00,97293.00,512.97,1164.10,8.28,14.16
2025,07,KOLKATA,BENGALURU,90104.00,84261.00,633.85,1248.17,7.93,19.94
2025,08,KOLKATA,BENGALURU,83220.00,82232.00,707.26,880.31,7.00,20.98
2025,09,KOLKATA,BENGALURU,79408.00,93740.00,705.70,844.25,7.26,26.34
2025,10,KOLKATA,BENGALURU,99045.00,103186.00,828.55,948.35,9.14,19.21
2025,01,KOLKATA,BHUBANESWAR,26845.00,26756.00,51.80,75.70,18.12,1.94
2025,02,KOLKATA,BHUBANESWAR,23320.00,22719.00,40.10,84.29,32.02,0.12
2025,03,KOLKATA,BHUBANESWAR,26026.00,25621.00,53.89,90.26,19.02,0.00
2025,04,KOLKATA,BHUBANESWAR,24009.00,25082.00,9.89,80.77,7.55,0.00
2025,05,KOLKATA,BHUBANESWAR,24577.00,25297.00,55.55,59.17,2.97,0.06
2025,06,KOLKATA,BHUBANESWAR,19132.00,17454.00,42.21,64.63,6.25,0.00
2025,07,KOLKATA,BHUBANESWAR,14526.00,13839.00,14.40,35.64,18.37,0.00
2025,08,KOLKATA,BHUBANESWAR,14251.00,14533.00,11.65,17.54,19.04,0.00
2025,09,KOLKATA,BHUBANESWAR,13181.00,13821.00,11.17,15.66,13.67,0.00
2025,10,KOLKATA,BHUBANESWAR,16020.00,16095.00,14.31,5.39,7.76,0.00
2025,01,KOLKATA,BILASPUR,129.00,124.00,0.00,0.00,0.00,0.00
2025,02,KOLKATA,BILASPUR,213.00,263.00,0.00,0.00,0.00,0.00
2025,03,KOLKATA,BILASPUR,283.00,285.00,0.00,0.00,0.00,0.00
2025,04,KOLKATA,BILASPUR,375.00,442.00,0.00,0.00,0.00,0.00
2025,05,KOLKATA,BILASPUR,265.00,326.00,0.00,0.00,0.00,0.00
2025,06,KOLKATA,BILASPUR,317.00,291.00,0.00,0.00,0.00,0.00
2025,07,KOLKATA,BILASPUR,273.00,227.00,0.00,0.00,0.00,0.00
2025,08,KOLKATA,BILASPUR,295.00,317.00,0.00,0.00,0.00,0.00
2025,09,KOLKATA,BILASPUR,262.00,356.00,0.00,0.00,0.00,0.00
2025,10,KOLKATA,BILASPUR,92.00,124.00,0.00,0.00,0.00,0.00
2025,01,KOLKATA,CHANDIGARH,5381.00,5039.00,6.12,24.39,0.00,0.00
2025,02,KOLKATA,CHANDIGARH,5515.00,5484.00,6.89,13.33,0.00,0.00
2025,03,KOLKATA,CHANDIGARH,4876.00,4945.00,9.21,16.13,0.00,0.00
2025,04,KOLKATA,CHANDIGARH,4156.00,4203.00,9.53,16.52,0.59,0.00
2025,05,KOLKATA,CHANDIGARH,2745.00,2639.00,4.51,12.20,0.25,0.00
2025,06,KOLKATA,CHANDIGARH,3665.00,3716.00,7.11,12.46,0.56,0.00
2025,07,KOLKATA,CHANDIGARH,12543.00,12189.00,169.74,92.14,0.85,0.00
2025,08,KOLKATA,CHANDIGARH,14046.00,13599.00,92.59,53.02,0.72,0.00
2025,09,KOLKATA,CHANDIGARH,12123.00,12095.00,87.62,49.14,0.72,0.87
2025,10,KOLKATA,CHANDIGARH,11546.00,11800.00,75.91,58.86,0.60,0.83
2025,01,KOLKATA,CHENNAI,43590.00,44780.00,230.20,192.72,12.75,19.90
2025,02,KOLKATA,CHENNAI,38059.00,39340.00,223.26,314.44,1.70,13.95
2025,03,KOLKATA,CHENNAI,40161.00,42789.00,202.74,373.07,4.01,13.33
2025,04,KOLKATA,CHENNAI,38932.00,39906.00,214.51,316.05,4.68,11.17
2025,05,KOLKATA,CHENNAI,32476.00,33540.00,396.59,246.28,8.90,12.65
2025,06,KOLKATA,CHENNAI,41177.00,38893.00,225.13,265.39,5.75,12.89
2025,07,KOLKATA,CHENNAI,43006.00,39904.00,198.65,299.49,3.23,15.70
2025,08,KOLKATA,CHENNAI,40903.00,40682.00,311.20,305.96,3.44,14.79
2025,09,KOLKATA,CHENNAI,34014.00,40650.00,267.62,204.53,4.51,16.60
2025,10,KOLKATA,CHENNAI,42395.00,45739.00,166.49,230.45,3.47,14.44
2025,03,KOLKATA,COIMBATORE,196.00,0.00,4.36,0.00,0.00,0.00
2025,10,KOLKATA,COIMBATORE,5.00,0.00,0.12,0.00,0.00,0.00
2025,01,KOLKATA,COOCH BEHAR,261.00,260.00,0.00,0.00,0.00,0.00
2025,02,KOLKATA,COOCH BEHAR,232.00,229.00,0.00,0.00,0.00,0.00
2025,03,KOLKATA,COOCH BEHAR,267.00,261.00,0.00,0.00,0.00,0.00
2025,04,KOLKATA,COOCH BEHAR,264.00,253.00,0.00,0.00,0.00,0.00
2025,05,KOLKATA,COOCH BEHAR,260.00,257.00,0.00,0.00,0.00,0.00
2025,06,KOLKATA,COOCH BEHAR,223.00,255.00,0.00,0.00,0.00,0.00
2025,07,KOLKATA,COOCH BEHAR,153.00,184.00,0.00,0.00,0.00,0.00
2025,08,KOLKATA,COOCH BEHAR,209.00,216.00,0.00,0.00,0.00,0.00
2025,09,KOLKATA,COOCH BEHAR,203.00,215.00,0.00,0.00,0.00,0.00
2025,10,KOLKATA,COOCH BEHAR,244.00,267.00,0.00,0.00,0.00,0.00
2025,01,KOLKATA,DABOLIM,5537.00,6040.00,9.99,13.33,0.00,1.53
2025,02,KOLKATA,DABOLIM,4452.00,4665.00,7.97,7.88,0.00,0.84
2025,03,KOLKATA,DABOLIM,4609.00,5479.00,2.95,6.25,0.00,1.12
2025,04,KOLKATA,DABOLIM,4925.00,5793.00,4.28,3.63,0.02,1.13
2025,05,KOLKATA,DABOLIM,5016.00,5860.00,13.54,4.69,0.15,1.36
2025,06,KOLKATA,DABOLIM,4982.00,5511.00,17.91,6.18,0.10,0.82
2025,07,KOLKATA,DABOLIM,5017.00,4982.00,19.60,14.43,0.14,0.79
2025,08,KOLKATA,DABOLIM,5850.00,6330.00,19.61,12.99,0.08,0.93
2025,09,KOLKATA,DABOLIM,4675.00,5885.00,10.67,17.96,0.07,0.92
2025,10,KOLKATA,DABOLIM,5685.00,6618.00,12.02,5.42,0.18,0.98
2025,01,KOLKATA,DARBHANGA,818.00,779.00,0.01,0.00,0.00,0.00
2025,02,KOLKATA,DARBHANGA,1849.00,1653.00,0.05,0.00,0.00,0.00
2025,03,KOLKATA,DARBHANGA,2168.00,2007.00,0.03,0.00,0.00,0.00
2025,04,KOLKATA,DARBHANGA,2119.00,2000.00,0.07,0.00,0.00,0.00
2025,05,KOLKATA,DARBHANGA,2141.00,2052.00,0.05,0.00,0.00,0.00
2025,06,KOLKATA,DARBHANGA,1978.00,2155.00,0.09,0.06,0.00,0.00
2025,07,KOLKATA,DARBHANGA,1707.00,1913.00,0.01,0.00,0.00,0.00
2025,08,KOLKATA,DARBHANGA,1550.00,1758.00,0.01,0.00,0.00,0.00
2025,09,KOLKATA,DARBHANGA,1511.00,1512.00,0.03,0.00,0.00,0.00
2025,10,KOLKATA,DARBHANGA,1889.00,1594.00,0.11,0.00,0.00,0.00
2025,01,KOLKATA,DELHI,123163.00,121831.00,1530.68,1392.54,35.87,60.13
2025,02,KOLKATA,DELHI,114877.00,115354.00,1514.41,1313.79,26.20,94.23
2025,03,KOLKATA,DELHI,122804.00,127340.00,1570.20,1552.51,30.54,37.52
2025,04,KOLKATA,DELHI,113087.00,121844.00,1493.00,1423.38,24.36,35.16
2025,05,KOLKATA,DELHI,104309.00,122010.00,1817.45,1542.56,31.94,46.44
2025,06,KOLKATA,DELHI,106897.00,112711.00,1899.86,1527.21,24.05,40.79
2025,07,KOLKATA,DELHI,101606.00,95199.00,2387.66,1660.00,24.44,43.14
2025,08,KOLKATA,DELHI,98227.00,98650.00,2013.18,1786.84,26.58,38.17
2025,09,KOLKATA,DELHI,94776.00,105742.00,2167.09,1964.66,30.97,40.68
2025,10,KOLKATA,DELHI,110479.00,121148.00,2472.96,1621.43,24.71,35.86
2025,01,KOLKATA,DIBRUGARH,10225.00,10676.00,26.51,7.01,5.41,2.02
2025,02,KOLKATA,DIBRUGARH,8766.00,9036.00,27.92,6.40,3.19,3.54
2025,03,KOLKATA,DIBRUGARH,9797.00,9996.00,27.52,16.65,4.62,1.63
2025,04,KOLKATA,DIBRUGARH,9730.00,9778.00,32.95,30.51,3.95,1.55
2025,05,KOLKATA,DIBRUGARH,9558.00,10016.00,36.98,31.57,2.60,1.84
2025,06,KOLKATA,DIBRUGARH,9307.00,11245.00,25.86,39.20,5.79,2.04
2025,07,KOLKATA,DIBRUGARH,11762.00,13284.00,31.28,43.57,4.79,1.55
2025,08,KOLKATA,DIBRUGARH,12751.00,12914.00,34.33,36.67,2.99,2.02
2025,09,KOLKATA,DIBRUGARH,11639.00,10395.00,36.97,30.37,2.79,1.78
2025,10,KOLKATA,DIBRUGARH,12954.00,12178.00,27.55,31.86,2.98,1.99
2025,01,KOLKATA,DIMAPUR,4656.00,5386.00,18.05,10.47,3.69,5.77
2025,02,KOLKATA,DIMAPUR,3337.00,4232.00,20.07,9.65,4.07,4.76
2025,03,KOLKATA,DIMAPUR,4281.00,4861.00,23.44,12.40,3.68,5.11
2025,04,KOLKATA,DIMAPUR,4769.00,4776.00,33.95,16.96,3.79,5.21
2025,05,KOLKATA,DIMAPUR,4670.00,4409.00,23.60,8.70,1.42,4.38
2025,06,KOLKATA,DIMAPUR,3967.00,4519.00,24.05,16.00,2.03,4.29
2025,07,KOLKATA,DIMAPUR,4204.00,5031.00,47.46,20.31,1.37,4.41
2025,08,KOLKATA,DIMAPUR,4076.00,4549.00,40.63,19.32,1.35,4.63
2025,09,KOLKATA,DIMAPUR,3741.00,3855.00,44.14,20.07,1.09,4.72
2025,10,KOLKATA,DIMAPUR,4500.00,4515.00,39.80,21.58,1.34,6.55
2025,02,KOLKATA,DURGAPUR,0.00,51.00,0.00,0.00,0.00,0.00
2025,05,KOLKATA,DURGAPUR,171.00,0.00,0.00,0.00,0.00,0.00
2025,01,KOLKATA,DehraDun,3063.00,2810.00,0.43,3.20,0.00,0.22
2025,02,KOLKATA,DehraDun,2881.00,2935.00,0.42,2.52,0.00,0.11
2025,03,KOLKATA,DehraDun,3120.00,3329.00,0.42,1.72,0.01,0.10
2025,04,KOLKATA,DehraDun,2319.00,2511.00,0.36,4.09,0.00,0.08
2025,05,KOLKATA,DehraDun,2228.00,2413.00,0.39,1.16,0.00,0.06
2025,06,KOLKATA,DehraDun,2398.00,2682.00,0.79,1.51,0.00,0.03
2025,07,KOLKATA,DehraDun,2119.00,1862.00,0.31,2.41,0.00,0.08
2025,08,KOLKATA,DehraDun,2337.00,2377.00,0.01,2.07,0.00,0.12
2025,09,KOLKATA,DehraDun,2070.00,2138.00,0.27,2.48,0.00,0.11
2025,10,KOLKATA,DehraDun,2495.00,2616.00,0.78,4.80,0.00,0.17
2025,01,KOLKATA,Deoghar ,1674.00,1891.00,0.14,0.00,0.00,0.00
2025,02,KOLKATA,Deoghar ,1663.00,1881.00,0.00,0.00,0.00,0.00
2025,03,KOLKATA,Deoghar ,2108.00,1999.00,0.12,0.00,0.00,0.00
2025,04,KOLKATA,Deoghar ,1854.00,1781.00,0.03,0.00,0.00,0.00
2025,05,KOLKATA,Deoghar ,1354.00,1807.00,0.01,0.00,0.00,0.00
2025,06,KOLKATA,Deoghar ,1501.00,1958.00,0.09,0.00,0.00,0.00
2025,07,KOLKATA,Deoghar ,1411.00,1692.00,0.02,0.00,0.00,0.00
2025,08,KOLKATA,Deoghar ,1356.00,1760.00,0.04,0.00,0.00,0.00
2025,09,KOLKATA,Deoghar ,1150.00,1430.00,0.03,0.00,0.00,0.00
2025,10,KOLKATA,Deoghar ,1545.00,1362.00,0.05,0.00,0.00,0.00
2025,01,KOLKATA,GAYA,4455.00,4138.00,0.71,0.00,0.00,0.00
2025,02,KOLKATA,GAYA,4612.00,4675.00,0.02,2.84,0.00,0.00
2025,03,KOLKATA,GAYA,5020.00,5035.00,0.12,2.34,0.00,0.00
2025,04,KOLKATA,GAYA,4336.00,4384.00,0.04,2.30,0.00,0.21
2025,05,KOLKATA,GAYA,3875.00,4470.00,0.47,1.75,0.00,0.00
2025,06,KOLKATA,GAYA,3684.00,4180.00,0.25,10.32,0.00,0.79
2025,07,KOLKATA,GAYA,3643.00,3527.00,0.08,0.43,0.00,0.00
2025,08,KOLKATA,GAYA,3597.00,3522.00,0.21,0.00,0.00,0.00
2025,09,KOLKATA,GAYA,3936.00,3645.00,0.01,0.00,0.00,0.00
2025,10,KOLKATA,GAYA,4242.00,3323.00,0.20,0.00,0.00,0.00
2025,01,KOLKATA,GORAKHPUR,1962.00,1980.00,0.00,0.00,0.00,0.00
2025,02,KOLKATA,GORAKHPUR,2079.00,2035.00,0.01,0.00,0.00,0.00
2025,03,KOLKATA,GORAKHPUR,2162.00,2196.00,0.00,0.00,0.00,0.00
2025,04,KOLKATA,GORAKHPUR,2171.00,2151.00,0.00,0.00,0.00,0.00
2025,05,KOLKATA,GORAKHPUR,2097.00,2207.00,0.00,0.00,0.00,0.00
2025,06,KOLKATA,GORAKHPUR,2016.00,2168.00,0.00,0.00,0.00,0.00
2025,07,KOLKATA,GORAKHPUR,1264.00,1241.00,0.00,0.00,0.00,0.00
2025,08,KOLKATA,GORAKHPUR,1147.00,1246.00,0.00,0.00,0.00,0.00
2025,09,KOLKATA,GORAKHPUR,1326.00,1232.00,0.00,0.00,0.00,0.00
2025,10,KOLKATA,GORAKHPUR,2247.00,1944.00,0.00,0.00,0.00,0.00
2025,01,KOLKATA,GUWAHATI,42815.00,43396.00,447.92,65.30,12.24,9.72
2025,02,KOLKATA,GUWAHATI,40989.00,39011.00,417.64,52.80,11.21,6.04
2025,03,KOLKATA,GUWAHATI,51001.00,49043.00,500.12,67.15,10.54,7.80
2025,04,KOLKATA,GUWAHATI,51119.00,49681.00,515.70,74.06,9.19,8.42
2025,05,KOLKATA,GUWAHATI,48570.00,46142.00,490.66,72.14,9.76,6.87
2025,06,KOLKATA,GUWAHATI,40121.00,44990.00,471.30,67.31,7.46,6.63
2025,07,KOLKATA,GUWAHATI,41982.00,44470.00,521.76,78.89,8.14,8.47
2025,08,KOLKATA,GUWAHATI,37649.00,39834.00,535.07,82.78,7.08,6.80
2025,09,KOLKATA,GUWAHATI,39057.00,38246.00,534.13,181.78,8.16,7.33
2025,10,KOLKATA,GUWAHATI,47402.00,46473.00,436.10,186.13,9.46,6.14
2025,01,KOLKATA,Goa,4964.00,5403.00,5.17,6.26,0.00,0.00
2025,02,KOLKATA,Goa,4468.00,4821.00,2.65,7.13,0.00,0.00
2025,03,KOLKATA,Goa,4406.00,4756.00,2.62,5.90,0.00,0.00
2025,04,KOLKATA,Goa,2.00,0.00,0.00,0.00,0.00,0.00
2025,05,KOLKATA,Goa,2307.00,2153.00,0.00,0.32,0.00,0.00
2025,06,KOLKATA,Goa,1930.00,2006.00,0.00,0.00,0.00,0.00
2025,09,KOLKATA,Goa,1143.00,1393.00,0.00,0.68,0.00,0.00
2025,10,KOLKATA,Goa,4918.00,4963.00,3.17,8.19,0.00,0.00
2025,01,KOLKATA,HYDERABAD,47048.00,49624.00,199.81,185.65,6.63,23.88
2025,02,KOLKATA,HYDERABAD,44115.00,47222.00,226.96,211.25,3.81,12.31
2025,03,KOLKATA,HYDERABAD,45909.00,53615.00,210.94,258.06,4.96,18.85
2025,04,KOLKATA,HYDERABAD,43095.00,45224.00,236.70,173.78,4.17,21.61
2025,05,KOLKATA,HYDERABAD,45110.00,47862.00,375.37,259.05,5.58,10.87
2025,06,KOLKATA,HYDERABAD,44702.00,40781.00,166.76,143.89,6.03,9.21
2025,07,KOLKATA,HYDERABAD,48508.00,41096.00,177.62,146.21,4.11,15.32
2025,08,KOLKATA,HYDERABAD,45513.00,44064.00,314.65,170.51,5.03,15.23
2025,09,KOLKATA,HYDERABAD,35283.00,45032.00,246.80,200.69,4.77,12.27
2025,10,KOLKATA,HYDERABAD,44436.00,48484.00,206.49,154.60,5.46,11.45
2025,01,KOLKATA,IMPHAL,19010.00,18792.00,43.90,94.75,4.95,17.37
2025,02,KOLKATA,IMPHAL,16238.00,16634.00,46.35,33.86,1.97,11.26
2025,03,KOLKATA,IMPHAL,18661.00,18647.00,52.27,27.76,2.18,13.99
2025,04,KOLKATA,IMPHAL,16602.00,17983.00,63.55,33.01,2.46,11.68
2025,05,KOLKATA,IMPHAL,17461.00,16872.00,96.05,9.61,3.24,10.40
2025,06,KOLKATA,IMPHAL,14777.00,17231.00,78.16,23.12,4.58,8.37
2025,07,KOLKATA,IMPHAL,13892.00,16623.00,70.08,36.09,3.98,13.20
2025,08,KOLKATA,IMPHAL,13908.00,16724.00,92.38,48.37,3.71,12.91
2025,09,KOLKATA,IMPHAL,13408.00,14412.00,64.78,40.33,4.69,12.68
2025,10,KOLKATA,IMPHAL,15139.00,14733.00,67.52,54.23,3.96,16.88
2025,01,KOLKATA,INDORE,13035.00,12121.00,23.90,18.16,0.25,1.82
2025,02,KOLKATA,INDORE,13372.00,13059.00,22.46,21.22,0.12,2.06
2025,03,KOLKATA,INDORE,13038.00,13400.00,26.86,19.22,0.19,1.79
2025,04,KOLKATA,INDORE,4980.00,5245.00,25.03,7.94,0.98,1.71
2025,05,KOLKATA,INDORE,5131.00,5368.00,54.37,11.15,1.39,1.55
2025,06,KOLKATA,INDORE,5002.00,4766.00,23.16,10.73,1.75,1.50
2025,07,KOLKATA,INDORE,5105.00,4722.00,22.23,39.47,1.12,1.52
2025,08,KOLKATA,INDORE,5127.00,5017.00,24.89,36.23,1.06,1.92
2025,09,KOLKATA,INDORE,4483.00,4941.00,28.60,31.64,1.65,1.55
2025,10,KOLKATA,INDORE,4756.00,5380.00,29.96,29.37,1.27,1.40
2025,01,KOLKATA,Itanagar,4189.00,4095.00,0.04,0.00,0.00,0.00
2025,02,KOLKATA,Itanagar,3346.00,2855.00,0.06,0.00,0.00,0.00
2025,03,KOLKATA,Itanagar,3895.00,3428.00,0.67,0.00,0.00,0.00
2025,04,KOLKATA,Itanagar,4845.00,4481.00,0.05,0.00,0.00,0.00
2025,05,KOLKATA,Itanagar,4861.00,4184.00,0.43,0.00,0.00,0.00
2025,06,KOLKATA,Itanagar,3647.00,3630.00,0.72,0.00,0.00,0.00
2025,07,KOLKATA,Itanagar,4388.00,4652.00,0.30,0.00,0.00,0.00
2025,08,KOLKATA,Itanagar,4289.00,4307.00,0.88,0.00,0.00,0.00
2025,09,KOLKATA,Itanagar,3929.00,3645.00,0.59,0.00,0.00,0.00
2025,10,KOLKATA,Itanagar,4271.00,4031.00,1.27,0.00,0.00,0.00
2025,01,KOLKATA,JAIPUR,27272.00,26655.00,25.62,117.77,2.11,2.72
2025,02,KOLKATA,JAIPUR,27998.00,26723.00,83.29,99.75,1.92,1.77
2025,03,KOLKATA,JAIPUR,25212.00,27127.00,67.33,182.43,1.50,2.20
2025,04,KOLKATA,JAIPUR,18925.00,19905.00,71.75,152.41,1.75,2.67
2025,05,KOLKATA,JAIPUR,12143.00,17882.00,53.24,105.72,1.56,3.07
2025,06,KOLKATA,JAIPUR,15123.00,16490.00,61.09,110.06,0.19,2.74
2025,07,KOLKATA,JAIPUR,19837.00,16049.00,71.57,110.11,0.28,3.26
2025,08,KOLKATA,JAIPUR,16227.00,15800.00,76.90,120.33,0.13,3.35
2025,09,KOLKATA,JAIPUR,14261.00,13831.00,79.71,145.97,0.36,2.60
2025,10,KOLKATA,JAIPUR,19122.00,20239.00,75.68,148.41,0.42,2.70
2025,03,KOLKATA,JAMMU,214.00,216.00,0.00,0.00,0.00,0.00
2025,04,KOLKATA,JAMMU,702.00,841.00,0.10,0.16,0.00,0.00
2025,05,KOLKATA,JAMMU,120.00,91.00,0.00,0.00,0.00,0.00
2025,07,KOLKATA,JAMMU,1238.00,708.00,0.07,0.08,0.00,0.00
2025,08,KOLKATA,JAMMU,1102.00,654.00,0.00,0.12,0.00,0.00
2025,09,KOLKATA,JAMMU,797.00,533.00,1.40,0.00,0.00,0.00
2025,10,KOLKATA,JAMMU,1071.00,721.00,0.85,0.00,0.00,0.00
2025,01,KOLKATA,JAMSHEDPUR,141.00,201.00,0.00,0.00,0.00,0.00
2025,02,KOLKATA,JAMSHEDPUR,155.00,226.00,0.00,0.00,0.00,0.00
2025,03,KOLKATA,JAMSHEDPUR,171.00,243.00,0.00,0.00,0.00,0.00
2025,04,KOLKATA,JAMSHEDPUR,170.00,242.00,0.00,0.00,0.00,0.00
2025,05,KOLKATA,JAMSHEDPUR,163.00,234.00,0.00,0.00,0.00,0.00
2025,06,KOLKATA,JAMSHEDPUR,129.00,216.00,0.00,0.00,0.00,0.00
2025,07,KOLKATA,JAMSHEDPUR,128.00,192.00,0.00,0.00,0.00,0.00
2025,08,KOLKATA,JAMSHEDPUR,128.00,212.00,0.00,0.00,0.00,0.00
2025,09,KOLKATA,JAMSHEDPUR,167.00,234.00,0.00,0.00,0.00,0.00
2025,10,KOLKATA,JAMSHEDPUR,200.00,232.00,0.00,0.00,0.00,0.00
2025,01,KOLKATA,JHARSUGUDA,2083.00,1979.00,0.01,0.00,0.00,0.00
2025,02,KOLKATA,JHARSUGUDA,1989.00,1958.00,0.01,0.00,0.00,0.00
2025,03,KOLKATA,JHARSUGUDA,1922.00,1928.00,0.06,0.00,0.00,0.00
2025,04,KOLKATA,JHARSUGUDA,2035.00,2080.00,0.01,0.00,0.00,0.00
2025,05,KOLKATA,JHARSUGUDA,2011.00,2116.00,0.06,0.00,0.00,0.00
2025,06,KOLKATA,JHARSUGUDA,2161.00,2022.00,0.01,0.00,0.00,0.00
2025,07,KOLKATA,JHARSUGUDA,1273.00,1221.00,0.00,0.00,0.00,0.00
2025,08,KOLKATA,JHARSUGUDA,1290.00,1234.00,0.01,0.00,0.00,0.00
2025,09,KOLKATA,JHARSUGUDA,1276.00,1414.00,0.00,0.00,0.00,0.00
2025,10,KOLKATA,JHARSUGUDA,1906.00,2114.00,0.00,0.00,0.00,0.00
2025,01,KOLKATA,JODHPUR,500.00,367.00,0.00,0.00,0.00,0.00
2025,01,KOLKATA,JORHAT,6510.00,6415.00,4.04,2.23,0.00,0.00
2025,02,KOLKATA,JORHAT,5627.00,5212.00,9.37,2.80,0.00,0.00
2025,03,KOLKATA,JORHAT,6621.00,6073.00,11.29,2.29,0.00,0.00
2025,04,KOLKATA,JORHAT,5244.00,5019.00,6.02,0.74,0.00,0.00
2025,05,KOLKATA,JORHAT,5134.00,4874.00,3.91,1.56,0.00,0.00
2025,06,KOLKATA,JORHAT,4464.00,4452.00,7.00,1.90,0.00,0.00
2025,07,KOLKATA,JORHAT,4854.00,4824.00,17.98,1.94,0.00,0.00
2025,08,KOLKATA,JORHAT,4855.00,4480.00,12.54,1.53,0.00,0.00
2025,09,KOLKATA,JORHAT,3980.00,3547.00,18.74,2.67,0.00,0.00
2025,10,KOLKATA,JORHAT,4527.00,4033.00,15.17,1.49,0.00,0.00
2025,01,KOLKATA,KOCHI,8279.00,8580.00,13.13,38.89,1.17,1.72
2025,02,KOLKATA,KOCHI,3649.00,3746.00,0.00,0.00,0.00,0.00
2025,03,KOLKATA,KOCHI,3524.00,3683.00,22.48,23.02,0.00,0.00
2025,04,KOLKATA,KOCHI,3570.00,3753.00,24.34,14.69,0.00,0.00
2025,05,KOLKATA,KOCHI,1912.00,1810.00,0.00,0.00,0.00,0.00
2025,06,KOLKATA,KOCHI,2980.00,2731.00,0.00,0.00,0.00,0.00
2025,09,KOLKATA,KOCHI,814.00,867.00,2.00,0.77,0.03,0.29
2025,10,KOLKATA,KOCHI,794.00,845.00,1.81,0.59,0.09,0.26
2025,03,KOLKATA,HINDON AIRPORT,5010.00,4291.00,0.00,0.00,0.00,0.00
2025,04,KOLKATA,HINDON AIRPORT,5007.00,4775.00,0.00,0.00,0.00,0.00
2025,05,KOLKATA,HINDON AIRPORT,1808.00,2055.00,0.00,0.00,0.00,0.00
2025,06,KOLKATA,HINDON AIRPORT,3720.00,4222.00,0.00,0.00,0.00,0.00
2025,07,KOLKATA,HINDON AIRPORT,6418.00,5254.00,0.00,0.00,0.00,0.00
2025,08,KOLKATA,HINDON AIRPORT,8891.00,8699.00,0.00,0.00,0.00,0.00
2025,09,KOLKATA,HINDON AIRPORT,6740.00,7582.00,0.05,0.00,0.00,0.00
2025,10,KOLKATA,HINDON AIRPORT,10522.00,10382.00,0.00,0.00,0.00,0.00
2025,05,KOLKATA,KOZHIKODE,0.00,153.00,0.00,0.00,0.00,0.00
2025,10,KOLKATA,KOZHIKODE,0.00,140.00,0.00,0.00,0.00,0.00
2025,01,KOLKATA,LILABARI,705.00,766.00,0.03,0.00,0.00,0.00
2025,02,KOLKATA,LILABARI,609.00,658.00,0.00,0.00,0.00,0.00
2025,03,KOLKATA,LILABARI,683.00,822.00,0.00,0.00,0.00,0.00
2025,04,KOLKATA,LILABARI,665.00,616.00,0.00,0.00,0.00,0.00
2025,05,KOLKATA,LILABARI,531.00,555.00,0.00,0.00,0.00,0.00
2025,06,KOLKATA,LILABARI,360.00,512.00,0.00,0.00,0.00,0.00
2025,07,KOLKATA,LILABARI,296.00,399.00,0.00,0.00,0.00,0.00
2025,08,KOLKATA,LILABARI,186.00,151.00,0.00,0.00,0.00,0.00
2025,09,KOLKATA,LILABARI,243.00,290.00,0.00,0.00,0.00,0.00
2025,10,KOLKATA,LILABARI,219.00,223.00,0.00,0.00,0.00,0.00
2025,01,KOLKATA,LUCKNOW,12680.00,12557.00,55.01,61.88,5.43,2.83
2025,02,KOLKATA,LUCKNOW,13575.00,13412.00,55.37,67.16,10.18,1.08
2025,03,KOLKATA,LUCKNOW,10701.00,11707.00,84.30,40.75,10.25,1.50
2025,04,KOLKATA,LUCKNOW,10017.00,10531.00,55.41,42.52,6.97,2.11
2025,05,KOLKATA,LUCKNOW,9660.00,10325.00,47.58,52.48,2.15,2.36
2025,06,KOLKATA,LUCKNOW,9566.00,9696.00,41.22,47.94,3.10,1.99
2025,07,KOLKATA,LUCKNOW,8816.00,8201.00,69.91,47.13,0.93,2.28
2025,08,KOLKATA,LUCKNOW,6563.00,7911.00,52.91,32.84,2.46,1.49
2025,09,KOLKATA,LUCKNOW,8265.00,8640.00,57.70,31.30,2.00,0.99
2025,10,KOLKATA,LUCKNOW,10968.00,11524.00,42.02,32.24,3.43,0.85
2025,01,KOLKATA,MUMBAI,96998.00,97527.00,600.58,919.95,28.58,31.63
2025,02,KOLKATA,MUMBAI,87209.00,90906.00,539.21,809.97,18.78,34.11
2025,03,KOLKATA,MUMBAI,92609.00,101280.00,557.96,923.50,12.13,30.10
2025,04,KOLKATA,MUMBAI,95768.00,100993.00,569.91,859.80,13.46,28.79
2025,05,KOLKATA,MUMBAI,99356.00,107134.00,1090.45,963.00,20.34,34.70
2025,06,KOLKATA,MUMBAI,99839.00,92320.00,889.75,1046.17,17.82,29.86
2025,07,KOLKATA,MUMBAI,97183.00,85768.00,914.01,1149.39,20.55,35.14
2025,08,KOLKATA,MUMBAI,90815.00,90205.00,703.32,1031.25,20.24,25.00
2025,09,KOLKATA,MUMBAI,92256.00,106648.00,759.88,1217.91,25.06,28.68
2025,10,KOLKATA,MUMBAI,83194.00,93456.00,821.93,1096.80,20.06,26.34
2025,01,KOLKATA,NAGPUR,5416.00,5522.00,12.49,23.30,0.04,2.35
2025,02,KOLKATA,NAGPUR,4802.00,5006.00,12.01,18.07,0.04,2.05
2025,03,KOLKATA,NAGPUR,5065.00,5284.00,11.54,19.52,0.04,3.13
2025,04,KOLKATA,NAGPUR,5097.00,5320.00,13.71,20.44,0.07,2.96
2025,05,KOLKATA,NAGPUR,5043.00,5254.00,10.62,14.03,0.05,3.60
2025,06,KOLKATA,NAGPUR,5183.00,5043.00,13.54,20.59,0.04,3.31
2025,07,KOLKATA,NAGPUR,5835.00,5046.00,10.42,24.26,0.05,3.18
2025,08,KOLKATA,NAGPUR,6603.00,5351.00,8.96,25.25,0.06,4.46
2025,09,KOLKATA,NAGPUR,5048.00,5031.00,11.15,27.75,0.05,4.43
2025,10,KOLKATA,NAGPUR,5667.00,5408.00,14.51,25.32,0.06,4.36
2025,01,KOLKATA,PATNA,10525.00,10348.00,24.01,9.96,57.88,10.03
2025,02,KOLKATA,PATNA,14899.00,14758.00,28.16,12.15,40.99,6.76
2025,03,KOLKATA,PATNA,17251.00,16619.00,26.95,11.44,26.39,3.71
2025,04,KOLKATA,PATNA,18649.00,16987.00,33.81,11.41,23.09,2.59
2025,05,KOLKATA,PATNA,16680.00,16755.00,23.92,19.66,15.22,5.12
2025,06,KOLKATA,PATNA,15902.00,17767.00,17.81,59.70,23.43,3.05
2025,07,KOLKATA,PATNA,9803.00,8700.00,36.34,13.09,25.17,7.06
2025,08,KOLKATA,PATNA,9207.00,8696.00,25.08,9.75,28.01,5.59
2025,09,KOLKATA,PATNA,9446.00,9527.00,27.45,15.15,26.88,6.00
2025,10,KOLKATA,PATNA,14838.00,11084.00,29.09,6.81,14.52,6.00
2025,01,KOLKATA,PORT BLAIR,28715.00,30642.00,154.45,88.84,18.57,0.27
2025,02,KOLKATA,PORT BLAIR,26410.00,27236.00,145.45,81.62,18.01,0.71
2025,03,KOLKATA,PORT BLAIR,27934.00,27751.00,159.10,111.11,28.12,10.04
2025,04,KOLKATA,PORT BLAIR,19349.00,22725.00,56.89,61.41,21.61,12.10
2025,05,KOLKATA,PORT BLAIR,19523.00,23530.00,221.43,52.11,18.52,9.16
2025,06,KOLKATA,PORT BLAIR,23228.00,21150.00,205.82,50.93,28.67,10.51
2025,07,KOLKATA,PORT BLAIR,11260.00,10551.00,55.43,46.45,26.48,8.74
2025,08,KOLKATA,PORT BLAIR,16482.00,13475.00,166.56,77.12,32.33,9.20
2025,09,KOLKATA,PORT BLAIR,21608.00,20269.00,192.75,75.10,35.53,10.21
2025,10,KOLKATA,PORT BLAIR,28539.00,29398.00,162.00,85.97,26.48,8.14
2025,01,KOLKATA,PUNE,20784.00,22854.00,85.14,170.60,0.31,3.38
2025,02,KOLKATA,PUNE,18477.00,21173.00,67.60,124.56,0.24,2.27
2025,03,KOLKATA,PUNE,20141.00,22745.00,78.18,125.38,0.72,2.62
2025,04,KOLKATA,PUNE,19930.00,21281.00,107.99,120.04,3.10,2.54
2025,05,KOLKATA,PUNE,20114.00,21920.00,154.87,138.31,3.09,2.39
2025,06,KOLKATA,PUNE,20308.00,20121.00,113.89,123.89,2.69,2.16
2025,07,KOLKATA,PUNE,20754.00,20204.00,99.46,165.63,3.99,2.69
2025,08,KOLKATA,PUNE,20388.00,21016.00,95.28,185.24,3.35,2.20
2025,09,KOLKATA,PUNE,18484.00,20584.00,84.89,213.06,3.48,2.71
2025,10,KOLKATA,PUNE,21031.00,22578.00,94.19,186.06,3.32,2.67
2025,09,KOLKATA,Purnia Airport ,836.00,816.00,0.02,0.00,0.00,0.00
2025,10,KOLKATA,Purnia Airport ,2522.00,2684.00,0.00,0.00,0.00,0.00
2025,01,KOLKATA,RAIPUR,11534.00,11718.00,28.05,1.08,12.96,0.00
2025,02,KOLKATA,RAIPUR,12026.00,12287.00,21.81,0.16,4.00,0.00
2025,03,KOLKATA,RAIPUR,10475.00,11843.00,23.76,0.09,3.64,0.00
2025,04,KOLKATA,RAIPUR,11614.00,12745.00,27.21,0.14,3.01,0.00
2025,05,KOLKATA,RAIPUR,12524.00,12848.00,29.31,0.01,3.78,0.00
2025,06,KOLKATA,RAIPUR,12271.00,10860.00,25.01,0.12,3.29,0.00
2025,07,KOLKATA,RAIPUR,7463.00,7465.00,26.47,0.16,2.78,0.00
2025,08,KOLKATA,RAIPUR,7392.00,7669.00,27.38,0.02,3.37,0.00
2025,09,KOLKATA,RAIPUR,7740.00,8197.00,27.98,0.71,3.14,0.00
2025,10,KOLKATA,RAIPUR,10872.00,11865.00,34.21,0.38,2.85,0.00
2025,05,KOLKATA,RAJAHMUNDRY,20.00,0.00,0.00,0.00,0.00,0.00
2025,01,KOLKATA,RANCHI,8410.00,9337.00,4.59,1.05,6.35,2.70
2025,02,KOLKATA,RANCHI,7977.00,8502.00,3.02,1.56,5.40,1.48
2025,03,KOLKATA,RANCHI,8828.00,9099.00,5.28,0.19,5.13,1.31
2025,04,KOLKATA,RANCHI,8262.00,9180.00,4.84,1.33,5.51,1.30
2025,05,KOLKATA,RANCHI,8653.00,9153.00,3.38,3.94,2.42,1.30
2025,06,KOLKATA,RANCHI,8519.00,8231.00,3.41,0.88,2.71,1.21
2025,07,KOLKATA,RANCHI,8829.00,8096.00,3.19,9.38,3.61,1.42
2025,08,KOLKATA,RANCHI,8203.00,8379.00,3.05,3.26,5.45,1.75
2025,09,KOLKATA,RANCHI,7805.00,8208.00,5.47,14.12,3.64,1.76
2025,10,KOLKATA,RANCHI,8013.00,7551.00,6.26,6.49,1.63,1.17
2025,01,KOLKATA,ROURKELA,295.00,407.00,0.00,0.00,0.00,0.00
2025,02,KOLKATA,ROURKELA,302.00,437.00,0.00,0.00,0.00,0.00
2025,03,KOLKATA,ROURKELA,223.00,316.00,0.00,0.00,0.00,0.00
2025,04,KOLKATA,ROURKELA,305.00,358.00,0.00,0.00,0.00,0.00
2025,05,KOLKATA,ROURKELA,213.00,250.00,0.00,0.00,0.00,0.00
2025,06,KOLKATA,ROURKELA,146.00,242.00,0.00,0.00,0.00,0.00
2025,01,KOLKATA,RUPSI,221.00,242.00,0.00,0.00,0.00,0.00
2025,02,KOLKATA,RUPSI,85.00,109.00,0.00,0.00,0.00,0.00
2025,03,KOLKATA,RUPSI,401.00,362.00,0.00,0.00,0.00,0.00
2025,10,KOLKATA,RUPSI,110.00,143.00,0.00,0.00,0.00,0.00
2025,03,KOLKATA,Rajkot International Airport,113.00,91.00,0.46,0.00,0.00,0.00
2025,01,KOLKATA,SHILLONG,3025.00,2522.00,0.07,0.00,0.00,0.00
2025,02,KOLKATA,SHILLONG,2632.00,1913.00,0.02,0.00,0.00,0.00
2025,03,KOLKATA,SHILLONG,2530.00,1829.00,0.10,0.00,0.00,0.00
2025,04,KOLKATA,SHILLONG,2713.00,1818.00,0.15,0.00,0.00,0.00
2025,05,KOLKATA,SHILLONG,2625.00,1661.00,0.02,0.00,0.00,0.00
2025,06,KOLKATA,SHILLONG,2455.00,1992.00,0.14,0.00,0.00,0.00
2025,07,KOLKATA,SHILLONG,1642.00,1318.00,0.05,0.00,0.00,0.00
2025,08,KOLKATA,SHILLONG,1836.00,1345.00,0.05,0.00,0.00,0.00
2025,09,KOLKATA,SHILLONG,1816.00,1348.00,0.15,0.00,0.00,0.00
2025,10,KOLKATA,SHILLONG,2786.00,2342.00,0.04,0.00,0.00,0.00
2025,01,KOLKATA,SILCHAR,15321.00,14335.00,38.01,0.16,7.33,0.00
2025,02,KOLKATA,SILCHAR,13954.00,13369.00,40.14,0.03,6.50,0.00
2025,03,KOLKATA,SILCHAR,15050.00,14370.00,40.28,0.12,4.47,0.00
2025,04,KOLKATA,SILCHAR,14153.00,13840.00,47.17,0.28,3.75,0.00
2025,05,KOLKATA,SILCHAR,14104.00,13762.00,47.02,0.24,6.69,0.00
2025,06,KOLKATA,SILCHAR,10400.00,10570.00,33.26,0.80,1.53,0.00
2025,07,KOLKATA,SILCHAR,10868.00,10887.00,61.23,0.08,0.96,0.00
2025,08,KOLKATA,SILCHAR,10505.00,10283.00,51.68,0.23,1.46,0.00
2025,09,KOLKATA,SILCHAR,10016.00,8981.00,64.52,0.23,1.88,0.00
2025,10,KOLKATA,SILCHAR,10611.00,9710.00,47.27,0.05,1.28,0.00
2025,01,KOLKATA,SRINAGAR,5050.00,4683.00,1.45,4.58,0.00,0.00
2025,02,KOLKATA,SRINAGAR,4570.00,3960.00,0.91,3.00,0.00,0.04
2025,03,KOLKATA,SRINAGAR,6342.00,5627.00,1.93,4.26,0.00,0.66
2025,04,KOLKATA,SRINAGAR,7947.00,9600.00,10.69,4.19,0.47,0.65
2025,05,KOLKATA,SRINAGAR,921.00,1089.00,1.26,8.43,0.00,0.00
2025,06,KOLKATA,SRINAGAR,1256.00,1633.00,1.90,35.05,0.00,0.00
2025,07,KOLKATA,SRINAGAR,4312.00,3958.00,2.48,10.24,0.00,0.00
2025,08,KOLKATA,SRINAGAR,3029.00,2702.00,1.09,7.54,0.09,0.00
2025,09,KOLKATA,SRINAGAR,3813.00,3807.00,0.38,8.77,0.08,0.00
2025,10,KOLKATA,SRINAGAR,4629.00,4536.00,3.01,14.59,0.18,0.00
2025,01,KOLKATA,SURAT,3392.00,3508.00,8.04,7.89,0.00,0.00
2025,02,KOLKATA,SURAT,3274.00,3360.00,7.83,3.53,0.00,0.00
2025,03,KOLKATA,SURAT,5206.00,5607.00,35.39,52.31,0.02,0.04
2025,04,KOLKATA,SURAT,4882.00,5300.00,40.59,47.33,0.00,0.16
2025,05,KOLKATA,SURAT,5059.00,5479.00,37.53,51.71,0.00,0.01
2025,06,KOLKATA,SURAT,5165.00,4664.00,20.67,44.85,0.00,0.01
2025,07,KOLKATA,SURAT,5397.00,4723.00,25.90,64.10,0.00,0.00
2025,08,KOLKATA,SURAT,5157.00,4831.00,23.93,65.02,0.00,0.01
2025,09,KOLKATA,SURAT,4346.00,5279.00,38.48,70.55,0.00,0.12
2025,10,KOLKATA,SURAT,5462.00,5971.00,31.91,50.42,0.00,0.08
2025,02,KOLKATA,TIRUPATI,3.00,1.00,0.00,0.00,0.00,0.00
2025,03,KOLKATA,TIRUPATI,5.00,8.00,0.00,0.00,0.00,0.00
2025,04,KOLKATA,TIRUPATI,4.00,0.00,0.00,0.00,0.00,0.00
2025,05,KOLKATA,TIRUPATI,2.00,0.00,0.00,0.00,0.00,0.00
2025,03,KOLKATA,VADODARA,174.00,148.00,0.00,0.00,0.00,0.00
2025,01,KOLKATA,VARANASI,11309.00,11417.00,2.91,12.69,1.86,0.00
2025,02,KOLKATA,VARANASI,10395.00,10809.00,6.55,13.25,1.38,3.27
2025,03,KOLKATA,VARANASI,11373.00,11568.00,3.37,27.69,1.28,0.00
2025,04,KOLKATA,VARANASI,7731.00,8241.00,2.85,30.12,1.29,0.00
2025,05,KOLKATA,VARANASI,8026.00,8562.00,2.02,31.44,0.35,0.00
2025,06,KOLKATA,VARANASI,12632.00,14082.00,1.65,44.52,0.13,0.00
2025,07,KOLKATA,VARANASI,10147.00,8968.00,1.40,40.37,0.00,0.17
2025,08,KOLKATA,VARANASI,9041.00,9314.00,1.50,33.34,0.07,0.00
2025,09,KOLKATA,VARANASI,5648.00,5920.00,2.43,38.94,2.85,0.20
2025,10,KOLKATA,VARANASI,10190.00,10403.00,3.53,24.64,2.16,0.95
2025,09,KOLKATA,VIJAYAWADA,1.00,0.00,0.00,0.00,0.00,0.00
2025,01,KOLKATA,VISAKHAPATNAM,7938.00,8196.00,1.77,16.45,0.00,0.00
2025,02,KOLKATA,VISAKHAPATNAM,7853.00,9042.00,1.05,75.91,0.00,0.00
2025,03,KOLKATA,VISAKHAPATNAM,6984.00,8215.00,1.61,70.73,0.00,0.00
2025,04,KOLKATA,VISAKHAPATNAM,4234.00,4699.00,1.30,26.39,0.00,0.00
2025,05,KOLKATA,VISAKHAPATNAM,4667.00,4441.00,1.95,37.42,0.00,0.00
2025,06,KOLKATA,VISAKHAPATNAM,5868.00,4092.00,3.22,74.99,0.00,0.00
2025,07,KOLKATA,VISAKHAPATNAM,5283.00,3833.00,2.69,39.68,0.00,0.00
2025,08,KOLKATA,VISAKHAPATNAM,4876.00,3837.00,1.82,15.92,0.00,0.00
2025,09,KOLKATA,VISAKHAPATNAM,4246.00,5070.00,1.53,7.47,0.00,0.00
2025,10,KOLKATA,VISAKHAPATNAM,5670.00,6639.00,1.63,1.54,0.00,0.00
2025,02,KOLKATA,PRAYAGRAJ,15654.00,16122.00,1.68,4.01,0.00,0.01
2025,10,KOLKATA,PRAYAGRAJ,25.00,0.00,0.00,0.00,0.00,0.00
2025,01,KOLKATA,PRAYAGRAJ ,3109.00,2563.00,0.00,0.00,0.00,0.00
